{"cameraMode":{"drawMode":0,"name":"Shaded","section":"Shading Mode"},"sceneLighting":false,"audioPlay":false,"sceneViewState":{"showFog":true,"showMaterialUpdate":false,"showSkybox":false,"showFlares":true,"showImageEffects":true,"showParticleSystems":true},"in2DMode":false,"pivot":{"x":1.7496289014816285,"y":-2.128523826599121,"z":2.4103009700775148},"rotation":{"x":-0.17753994464874268,"y":0.13883695006370545,"z":-0.02530836872756481,"w":-0.9739440083503723},"size":6.717000484466553,"orthographic":false}